Series Name,Series Code,Country Name,Country Code,1990 [YR1990],2000 [YR2000],2011 [YR2011],2012 [YR2012],2013 [YR2013],2014 [YR2014],2015 [YR2015],2016 [YR2016],2017 [YR2017],2018 [YR2018],2019 [YR2019],2020 [YR2020]
Individuals using the Internet (% of population),IT.NET.USER.ZS,Afghanistan,AFG,0,..,5,5.45455,5.9,7,8.26,11.2,13.5,13.5,13.5,..
Individuals using the Internet (% of population),IT.NET.USER.ZS,Albania,ALB,0,0.114097,49,54.656,57.2,60.1,63.2529,66.3634,71.847,71.847,69.6429,..
Individuals using the Internet (% of population),IT.NET.USER.ZS,Algeria,DZA,0,0.491706,14.9,18.2,22.5,29.5,38.2,42.9455,47.6911,59.5797,59.5797,..
Individuals using the Internet (% of population),IT.NET.USER.ZS,American Samoa,ASM,0,..,..,..,..,..,..,..,..,..,..,..
Individuals using the Internet (% of population),IT.NET.USER.ZS,Andorra,AND,0,10.5388,81,86.4344,94,95.9,96.91,97.9306,91.5675,91.5675,91.5675,..
Individuals using the Internet (% of population),IT.NET.USER.ZS,Angola,AGO,0,0.105046,3.1,6.5,8.9,21.4,12.4,13,14.3391,14.3391,14.3391,..
Individuals using the Internet (% of population),IT.NET.USER.ZS,Antigua and Barbuda,ATG,0,6.48223,52,58,63.4,67.78,70,73,76,76,76,..
Individuals using the Internet (% of population),IT.NET.USER.ZS,Argentina,ARG,0,7.03868,51,55.8,59.9,64.7,68.0431,70.969,74.2949,74.2949,74.2949,..
Individuals using the Internet (% of population),IT.NET.USER.ZS,Armenia,ARM,0,1.30047,32,37.5,41.9,54.6228,59.1024,64.346,64.7449,64.7449,64.7449,..
Individuals using the Internet (% of population),IT.NET.USER.ZS,Aruba,ABW,0,15.4428,69,74,78.9,83.78,88.6612,93.5425,97.17,97.17,97.17,..
Individuals using the Internet (% of population),IT.NET.USER.ZS,Australia,AUS,0.585095,46.7561,79.4877,79,83.4535,84,84.5605,86.54,86.545,86.545,86.545,..
Individuals using the Internet (% of population),IT.NET.USER.ZS,Austria,AUT,0.130369,33.7301,78.74,80.03,80.6188,80.9958,83.9401,84.3237,87.9356,87.7105,87.7522,..
Individuals using the Internet (% of population),IT.NET.USER.ZS,Azerbaijan,AZE,0,0.147758,50,54.2,73,75,77,78.2,79,79.8,79.8,..
Individuals using the Internet (% of population),IT.NET.USER.ZS,"Bahamas, The",BHS,0,8,65,71.7482,72,76.92,78,80,85,85,85,..
Individuals using the Internet (% of population),IT.NET.USER.ZS,Bahrain,BHR,0,6.15373,77,88,90,90.5031,93.4783,98,95.8781,98.6434,99.7015,..
Individuals using the Internet (% of population),IT.NET.USER.ZS,Bangladesh,BGD,0,0.0710394,4.5,5,6.63,13.9,14.4,18.02,15,15,12.9,..
Individuals using the Internet (% of population),IT.NET.USER.ZS,Barbados,BRB,0,3.97368,66.5,71.2,71.8,75.16,76.11,79.5494,81.7608,81.7608,81.7608,..
Individuals using the Internet (% of population),IT.NET.USER.ZS,Belarus,BLR,0,1.8604,39.6489,46.91,54.17,59.02,62.2304,71.113,74.4364,79.1299,82.7892,..
Individuals using the Internet (% of population),IT.NET.USER.ZS,Belgium,BEL,0.00100674,29.4317,81.61,80.72,82.1702,85,85.0529,86.5165,87.6797,88.6551,90.3705,..
Individuals using the Internet (% of population),IT.NET.USER.ZS,Belize,BLZ,0,5.96384,30.7,31,33.6,38.7,41.59,44.5757,47.0826,47.0826,47.0826,..
Individuals using the Internet (% of population),IT.NET.USER.ZS,Benin,BEN,0,0.225248,4.14832,4.5,4.9,6,11.255,11.994,20,20,20,..
Individuals using the Internet (% of population),IT.NET.USER.ZS,Bermuda,BMU,0,42.9499,88.336,91.2993,95.3,96.8,98.3236,98,98.37,98.37,98.37,..
Individuals using the Internet (% of population),IT.NET.USER.ZS,Bhutan,BTN,0,0.400944,14.4,15.6,22.4,30.3,39.8,41.7726,48.1064,48.1064,48.1064,..
Individuals using the Internet (% of population),IT.NET.USER.ZS,Bolivia,BOL,0,1.44276,30,35.34,36.99,34.6,35.5623,39.6975,43.8323,43.8323,43.8323,..
Individuals using the Internet (% of population),IT.NET.USER.ZS,Bosnia and Herzegovina,BIH,0,1.08296,43.8877,45.0645,48.5213,49.9177,52.6,60.2565,64.892,70.1201,69.9463,..
Individuals using the Internet (% of population),IT.NET.USER.ZS,Botswana,BWA,0,2.90267,9,16,30,36.7447,37.3121,39.363,47,47,47,..
Individuals using the Internet (% of population),IT.NET.USER.ZS,Brazil,BRA,0,2.87069,45.69,48.56,51.04,54.551,58.328,60.8725,67.4713,67.4713,67.4713,..
Individuals using the Internet (% of population),IT.NET.USER.ZS,British Virgin Islands,VGB,0,..,37.4,37.6,37.6,37.6,37.6,77.7014,77.7043,77.7043,77.7043,..
Individuals using the Internet (% of population),IT.NET.USER.ZS,Brunei Darussalam,BRN,0,8.99628,56,60.2731,64.5,68.77,71.2,90,94.8667,94.6,95,..
Individuals using the Internet (% of population),IT.NET.USER.ZS,Bulgaria,BGR,0,5.37092,47.98,51.9,53.0615,55.49,56.6563,59.8255,63.4101,64.782,67.947,..
Individuals using the Internet (% of population),IT.NET.USER.ZS,Burkina Faso,BFA,0,0.0770802,3,3.72503,9.1,9.4,14,13.96,16,16,16,..
Individuals using the Internet (% of population),IT.NET.USER.ZS,Burundi,BDI,0,0.0772484,1.11,1.22,1.26422,1.38,4.86622,5.17363,2.66075,2.66075,2.66075,..
Individuals using the Internet (% of population),IT.NET.USER.ZS,Cabo Verde,CPV,0,1.82244,32,34.74,37.5,40.26,42.68,50.3228,57.1621,58.1714,58.1714,..
Individuals using the Internet (% of population),IT.NET.USER.ZS,Cambodia,KHM,0,0.0470226,3.1,4.94,6.8,14,6.43319,32.3985,32.4469,40,40,..
Individuals using the Internet (% of population),IT.NET.USER.ZS,Cameroon,CMR,0,0.25212,5,7.5,10,16.2149,20.6801,23.203,23.203,23.203,23.203,..
Individuals using the Internet (% of population),IT.NET.USER.ZS,Canada,CAN,0.361,51.3,83,83,85.8,87.12,90,91.16,91,91,91,..
Individuals using the Internet (% of population),IT.NET.USER.ZS,Cayman Islands,CYM,0,3.94897,69.4659,69.7,71.4,74.1,77,79,81.0677,81.0677,81.0677,..
Individuals using the Internet (% of population),IT.NET.USER.ZS,Central African Republic,CAF,0,0.0533942,2.2,3,3.4,3.6,3.8,4,4.33925,4.33925,4.33925,..
Individuals using the Internet (% of population),IT.NET.USER.ZS,Chad,TCD,0,0.0357071,1.9,2.1,2.5,2.9,3.5,5,6.5,6.5,6.5,..
Individuals using the Internet (% of population),IT.NET.USER.ZS,Channel Islands,CHI,..,..,..,..,..,..,..,..,..,..,..,..
Individuals using the Internet (% of population),IT.NET.USER.ZS,Chile,CHL,0,16.6,52.2496,55.05,58,61.11,76.63,83.5586,82.3275,82.3275,82.3275,..
Individuals using the Internet (% of population),IT.NET.USER.ZS,China,CHN,0,1.77591,38.3,42.3001,45.8,47.9,50.3,53.2,54.3,54.3,54.3,..
Individuals using the Internet (% of population),IT.NET.USER.ZS,Colombia,COL,0,2.20753,40.3509,48.98,51.7,52.57,55.905,58.1365,62.2599,62.2599,65.0069,..
Individuals using the Internet (% of population),IT.NET.USER.ZS,Comoros,COM,0,0.271741,5.5,5.9753,6.5,6.98,7.45916,7.93832,8.47817,8.47817,8.47817,..
Individuals using the Internet (% of population),IT.NET.USER.ZS,"Congo, Dem. Rep.",COD,0,0.00590211,1.2,1.67996,2.2,3,3.8,6.20997,8.6199,8.6199,8.6199,..
Individuals using the Internet (% of population),IT.NET.USER.ZS,"Congo, Rep.",COG,0,0.0263547,5.6,6.1067,6.6,7.11,7.61597,8.12195,8.65,8.65,8.65,..
Individuals using the Internet (% of population),IT.NET.USER.ZS,Costa Rica,CRI,0,5.80025,39.2122,47.5,45.96,53,59.763,65.8804,71.3908,74.0868,81.2026,..
Individuals using the Internet (% of population),IT.NET.USER.ZS,Cote d'Ivoire,CIV,0,0.231462,2.9,5,12,19.2742,38.44,41.2078,43.8399,46.8237,36.4538,..
Individuals using the Internet (% of population),IT.NET.USER.ZS,Croatia,HRV,0,6.64488,57.79,61.94,66.7476,68.57,69.8031,72.6973,67.0962,72.6888,79.0798,..
Individuals using the Internet (% of population),IT.NET.USER.ZS,Cuba,CUB,0,0.541183,16.0173,21.2,27.93,29.0702,37.3051,42.9787,57.1484,57.1484,61.8363,..
Individuals using the Internet (% of population),IT.NET.USER.ZS,Curacao,CUW,..,..,..,..,..,..,..,61.8555,68.1272,68.1272,68.1272,..
Individuals using the Internet (% of population),IT.NET.USER.ZS,Cyprus,CYP,0,15.2554,56.8599,60.6899,65.4548,69.33,71.7159,75.9002,80.7432,84.4336,86.0636,..
Individuals using the Internet (% of population),IT.NET.USER.ZS,Czech Republic,CZE,0,9.78053,70.49,73.43,74.1104,74.2317,75.6688,76.4812,78.7192,80.6882,80.8669,..
Individuals using the Internet (% of population),IT.NET.USER.ZS,Denmark,DNK,0.0972773,39.1724,89.81,92.26,94.6297,95.99,96.3305,96.9678,97.0994,97.6443,98.0464,..
Individuals using the Internet (% of population),IT.NET.USER.ZS,Djibouti,DJI,0,0.194501,7,8.26723,9.5,10.71,11.9224,13.1349,55.6814,55.6814,55.6814,..
Individuals using the Internet (% of population),IT.NET.USER.ZS,Dominica,DMA,0,8.81484,48.6,49.8,51,57.5,65,67.03,69.6197,69.6197,69.6197,..
Individuals using the Internet (% of population),IT.NET.USER.ZS,Dominican Republic,DOM,0,3.70469,38,42.32,45.9,49.58,54.2158,63.8709,67.5712,74.8243,74.8243,..
Individuals using the Internet (% of population),IT.NET.USER.ZS,Ecuador,ECU,0,1.46219,31.3668,35.1351,40.2791,45.5904,48.9404,54.0629,57.2722,57.2722,57.2722,..
Individuals using the Internet (% of population),IT.NET.USER.ZS,"Egypt, Arab Rep.",EGY,0,0.641265,25.6,26.4,29.4,33.8946,37.8194,41.2481,44.9502,46.9243,57.2829,..
Individuals using the Internet (% of population),IT.NET.USER.ZS,El Salvador,SLV,0,1.1774,18.9,20.3214,23.1093,24.7617,26.8026,28.9971,33.8207,33.8207,33.8207,..
Individuals using the Internet (% of population),IT.NET.USER.ZS,Equatorial Guinea,GNQ,0,0.132355,11.5,13.9432,16.4,18.86,21.32,23.78,26.24,26.24,26.24,..
Individuals using the Internet (% of population),IT.NET.USER.ZS,Eritrea,ERI,0,0.136712,0.7,0.8,0.9,0.99,1.08373,1.17712,1.30891,1.30891,1.30891,..
Individuals using the Internet (% of population),IT.NET.USER.ZS,Estonia,EST,0,28.577,76.5,78.3899,80.0043,84.2415,88.4097,87.2402,88.1025,89.357,89.5323,..
Individuals using the Internet (% of population),IT.NET.USER.ZS,Eswatini,SWZ,0,0.926192,18.13,20.7818,24.7,26.175,25.643,28.5735,47,47,47,..
Individuals using the Internet (% of population),IT.NET.USER.ZS,Ethiopia,ETH,0,0.0152638,1.1,2.9,4.6,7.7,13.8552,15.3669,18.6181,18.6181,18.6181,..
Individuals using the Internet (% of population),IT.NET.USER.ZS,Faroe Islands,FRO,0,32.9164,80.7322,85.3352,90,93.3,94.2,95.1087,97.582,97.582,97.582,..
Individuals using the Internet (% of population),IT.NET.USER.ZS,Fiji,FJI,0,1.49685,28,33.7424,35.2,37.4,42.5,46.507,49.9664,49.9664,49.9664,..
Individuals using the Internet (% of population),IT.NET.USER.ZS,Finland,FIN,0.401088,37.2485,88.71,89.88,91.5144,86.5304,86.4221,87.7036,87.4689,88.89,89.6074,..
Individuals using the Internet (% of population),IT.NET.USER.ZS,France,FRA,0.0527779,14.3079,77.82,81.44,81.9198,83.75,78.01,79.2698,80.5025,82.0435,83.3397,..
Individuals using the Internet (% of population),IT.NET.USER.ZS,French Polynesia,PYF,0,6.35706,49,52.8766,56.8,60.68,64.5602,68.4404,72.7039,72.7039,72.7039,..
Individuals using the Internet (% of population),IT.NET.USER.ZS,Gabon,GAB,0,1.21614,18,24,30.538,38.0712,45.7845,48.0523,62,62,62,..
Individuals using the Internet (% of population),IT.NET.USER.ZS,"Gambia, The",GMB,0,0.921795,10.8703,12.4492,14,15.56,16.5,18.5,19.8365,19.8365,19.8365,..
Individuals using the Internet (% of population),IT.NET.USER.ZS,Georgia,GEO,0,0.484746,31.52,36.94,43.3,44,47.5698,58.4593,59.7055,63.9686,68.8467,..
Individuals using the Internet (% of population),IT.NET.USER.ZS,Germany,DEU,0.125892,30.2163,81.27,82.35,84.17,86.19,87.5898,84.1652,84.3955,89.7391,88.1345,..
Individuals using the Internet (% of population),IT.NET.USER.ZS,Ghana,GHA,0,0.153615,9,10.6,15,25.5177,25,34.666,39,39,39,..
Individuals using the Internet (% of population),IT.NET.USER.ZS,Gibraltar,GIB,0,19.1316,65,65.017,65.017,65.017,65.017,94.4445,94.4445,94.4445,94.4445,..
Individuals using the Internet (% of population),IT.NET.USER.ZS,Greece,GRC,0,9.13884,51.65,55.07,59.8663,63.21,66.835,69.0879,70.5494,72.9521,75.6712,..
Individuals using the Internet (% of population),IT.NET.USER.ZS,Greenland,GRL,0,31.7478,64,64.896,65.8,66.7,67.6004,68.5009,69.4825,69.4825,69.4825,..
Individuals using the Internet (% of population),IT.NET.USER.ZS,Grenada,GRD,0,4.06391,30,32,35,51.6,53.81,55.8564,59.0717,59.0717,59.0717,..
Individuals using the Internet (% of population),IT.NET.USER.ZS,Guam,GUM,0,16.1131,57.7,61.5342,65.4,69.27,73.14,77.01,80.5055,80.5055,80.5055,..
Individuals using the Internet (% of population),IT.NET.USER.ZS,Guatemala,GTM,0,0.712333,12.3,16,19.7,23.4,28.8059,34.5093,65,65,65,..
Individuals using the Internet (% of population),IT.NET.USER.ZS,Guinea,GIN,0,0.0954249,2,3.1,4.5,6.4,8.2,9.8,18,18,18,..
Individuals using the Internet (% of population),IT.NET.USER.ZS,Guinea-Bissau,GNB,0,0.230103,2.672,2.89399,3.1,3.32,3.54071,3.76141,3.93051,3.93051,3.93051,..
Individuals using the Internet (% of population),IT.NET.USER.ZS,Guyana,GUY,0,6.61149,30,30.5,31,32,34,35.66,37.3258,37.3258,37.3258,..
Individuals using the Internet (% of population),IT.NET.USER.ZS,Haiti,HTI,0,0.231271,9,9.8,10.6,11.4,12.1977,12.2326,12.3261,32.4736,32.4736,..
Individuals using the Internet (% of population),IT.NET.USER.ZS,Honduras,HND,0,1.20386,15.9,18.12,17.8,19.08,27.1,29.5,31.7,31.7,31.7,..
Individuals using the Internet (% of population),IT.NET.USER.ZS,"Hong Kong SAR, China",HKG,0,27.8278,72.2,72.9,74.2,79.8663,84.9484,87.4794,89.4159,89.4159,91.7434,..
Individuals using the Internet (% of population),IT.NET.USER.ZS,Hungary,HUN,0,6.99968,68.02,70.58,72.6439,75.6532,72.8347,79.2594,76.7505,76.0744,80.3717,..
Individuals using the Internet (% of population),IT.NET.USER.ZS,Iceland,ISL,0,44.4705,94.8197,96.2098,96.5468,98.16,98.2,98.24,98.26,99.011,99.011,..
Individuals using the Internet (% of population),IT.NET.USER.ZS,India,IND,0,0.527532,10.07,12.5801,15.1,21,17,22,34.45,34.45,34.45,..
Individuals using the Internet (% of population),IT.NET.USER.ZS,Indonesia,IDN,0,0.925564,12.28,14.52,14.94,17.14,21.9761,25.4474,32.2924,39.7875,47.6906,..
Individuals using the Internet (% of population),IT.NET.USER.ZS,"Iran, Islamic Rep.",IRN,0,0.93419,19,22.73,29.95,39.35,45.335,53.2268,64.044,70.0046,70.0046,..
Individuals using the Internet (% of population),IT.NET.USER.ZS,Iraq,IRQ,0,..,5,7.1,9.2,13.21,58,21.23,49.36,49.36,49.36,..
Individuals using the Internet (% of population),IT.NET.USER.ZS,Ireland,IRL,0,17.8505,74.89,76.92,78.2477,83.4917,83.4948,85.0111,84.114,84.5223,84.5223,..
Individuals using the Internet (% of population),IT.NET.USER.ZS,Isle of Man,IMN,..,..,..,..,..,..,..,..,..,..,..,..
Individuals using the Internet (% of population),IT.NET.USER.ZS,Israel,ISR,0.110774,20.8738,68.8739,70.8,70.2503,75.0178,77.3521,79.6531,81.5812,81.5812,86.7879,..
Individuals using the Internet (% of population),IT.NET.USER.ZS,Italy,ITA,0.0175446,23.1109,54.39,55.83,58.4593,55.6385,58.1417,61.3243,63.0773,74.3872,74.3872,..
Individuals using the Internet (% of population),IT.NET.USER.ZS,Jamaica,JAM,0,3.11578,37.4386,33.79,37.1,40.4027,42.2212,44.3669,55.0721,55.0721,55.0721,..
Individuals using the Internet (% of population),IT.NET.USER.ZS,Japan,JPN,0.0202937,29.9907,79.0541,79.4964,88.2194,89.1068,91.058,93.1827,84.5881,84.5881,84.5881,..
Individuals using the Internet (% of population),IT.NET.USER.ZS,Jordan,JOR,0,2.62328,34.9,37,41.4,46.2,60.1144,62.3022,66.7903,66.7903,66.7903,..
Individuals using the Internet (% of population),IT.NET.USER.ZS,Kazakhstan,KAZ,0,0.668594,50.6,61.9066,63.3042,66,70.8299,74.5877,76.4267,78.9039,81.8776,..
Individuals using the Internet (% of population),IT.NET.USER.ZS,Kenya,KEN,0,0.31806,8.8,10.5,13,16.5,16.5879,16.6,17.8271,17.8271,22.5651,..
Individuals using the Internet (% of population),IT.NET.USER.ZS,Kiribati,KIR,0,1.78523,10,10.7468,11.5,12.25,12.9975,13.7,14.5818,14.5818,14.5818,..
Individuals using the Internet (% of population),IT.NET.USER.ZS,"Korea, Dem. People’s Rep.",PRK,0,0,0,0,0,0,0,0,0,..,0,..
Individuals using the Internet (% of population),IT.NET.USER.ZS,"Korea, Rep.",KOR,0.0232651,44.7,83.7591,84.07,84.77,87.5568,89.9,92.843,95.0694,95.8983,96.1576,..
Individuals using the Internet (% of population),IT.NET.USER.ZS,Kosovo,XKX,..,..,..,..,..,..,..,..,83.8936,89.443,89.443,..
Individuals using the Internet (% of population),IT.NET.USER.ZS,Kuwait,KWT,0,6.7314,65.7691,70.45,75.46,78.7,72,78.3674,100,99.6,99.5427,..
Individuals using the Internet (% of population),IT.NET.USER.ZS,Kyrgyz Republic,KGZ,0,1.0414,17.5,19.8,23,28.3,30.247,37,38,38,38,..
Individuals using the Internet (% of population),IT.NET.USER.ZS,Lao PDR,LAO,0,0.111044,9,10.7477,12.5,14.26,18.2,21.87,25.5104,25.5104,25.5104,..
Individuals using the Internet (% of population),IT.NET.USER.ZS,Latvia,LVA,0,6.31906,69.75,73.1199,75.2344,75.83,79.2006,79.8421,80.1141,83.5772,86.1355,..
Individuals using the Internet (% of population),IT.NET.USER.ZS,Lebanon,LBN,0,7.95274,52,61.2498,70.5,73,74,76.11,78.1808,78.1808,78.1808,..
Individuals using the Internet (% of population),IT.NET.USER.ZS,Lesotho,LSO,0,0.211806,7,10,15,22,25,27.36,29,29,29,..
Individuals using the Internet (% of population),IT.NET.USER.ZS,Liberia,LBR,0,0.0177027,2.5,2.6,3.2,5.41,33,7.31911,7.98448,7.98448,7.98448,..
Individuals using the Internet (% of population),IT.NET.USER.ZS,Libya,LBY,0,0.187043,14,14,16.5,17.76,19.0161,20.2722,21.7589,21.7589,21.7589,..
Individuals using the Internet (% of population),IT.NET.USER.ZS,Liechtenstein,LIE,0,36.5152,85,89.4077,93.8,95.21,96.6412,98.0939,98.1,98.1,98.1,..
Individuals using the Internet (% of population),IT.NET.USER.ZS,Lithuania,LTU,0,6.42707,63.64,67.23,68.4529,72.13,71.378,74.3766,77.6153,79.7226,81.5819,..
Individuals using the Internet (% of population),IT.NET.USER.ZS,Luxembourg,LUX,0,22.8873,90.0299,91.9499,93.7765,94.67,96.38,98.1367,97.363,97.0613,97.0613,..
Individuals using the Internet (% of population),IT.NET.USER.ZS,"Macao SAR, China",MAC,0,13.6086,60.2037,61.31,65.8,69.78,77.6001,81.643,83.1741,83.7941,86.4679,..
Individuals using the Internet (% of population),IT.NET.USER.ZS,Madagascar,MDG,0,0.196395,1.9,2.3,3,3.7,4.17397,4.71366,9.8,9.8,9.8,..
Individuals using the Internet (% of population),IT.NET.USER.ZS,Malawi,MWI,0,0.126781,3.33,4.3506,5.05,5.83,5.3,11.47,13.7822,13.7822,13.7822,..
Individuals using the Internet (% of population),IT.NET.USER.ZS,Malaysia,MYS,0,21.3847,61,65.8,57.0575,63.6654,71.0641,78.7883,80.1405,81.2017,84.2132,..
Individuals using the Internet (% of population),IT.NET.USER.ZS,Maldives,MDV,0,2.20387,34,38.9301,44.1,49.28,54.462,59.0926,63.1857,63.1857,63.1857,..
Individuals using the Internet (% of population),IT.NET.USER.ZS,Mali,MLI,0,0.142546,2.2,2.8,3.5,7,10.33,11.1122,13,13,13,..
Individuals using the Internet (% of population),IT.NET.USER.ZS,Malta,MLT,0,13.1137,68.0198,68.1999,68.9138,73.17,75.96,78.0751,81.0119,81.4031,85.7786,..
Individuals using the Internet (% of population),IT.NET.USER.ZS,Marshall Islands,MHL,0,1.53427,10,12.5,14,16.8,19.2824,29.7878,38.7012,38.7012,38.7012,..
Individuals using the Internet (% of population),IT.NET.USER.ZS,Mauritania,MRT,0,0.192031,4.5,5,6.2,10.7,15.1991,18,20.801,20.801,20.801,..
Individuals using the Internet (% of population),IT.NET.USER.ZS,Mauritius,MUS,0,7.28154,34.95,35.42,40.1168,44.8033,50.1393,52.1913,55.4032,58.5962,63.9999,..
Individuals using the Internet (% of population),IT.NET.USER.ZS,Mexico,MEX,0,5.08138,37.1763,39.75,43.46,44.39,57.431,59.5404,63.8522,65.7726,70.0699,..
Individuals using the Internet (% of population),IT.NET.USER.ZS,"Micronesia, Fed. Sts.",FSM,0,3.73486,22.8,25.9744,27.8,29.65,31.5011,33.3522,35.3041,35.3041,35.3041,..
Individuals using the Internet (% of population),IT.NET.USER.ZS,Moldova,MDA,0,1.28285,38,43.37,60,67,69,71,76.1245,76.1245,76.1245,..
Individuals using the Internet (% of population),IT.NET.USER.ZS,Monaco,MCO,0,42.1849,80.3,87,90.7,92.4,93.3633,95.2082,97.053,97.053,97.053,..
Individuals using the Internet (% of population),IT.NET.USER.ZS,Mongolia,MNG,0,1.25565,12.5,16.4,17.7,19.9424,22.5,22.2658,23.7143,23.7143,51.08,..
Individuals using the Internet (% of population),IT.NET.USER.ZS,Montenegro,MNE,..,..,35.6115,56.8388,60.31,61,68.1196,69.8816,71.2723,71.5173,73.4767,..
Individuals using the Internet (% of population),IT.NET.USER.ZS,Morocco,MAR,0,0.693791,46.1075,55.4161,56,56.8,57.08,58.2712,61.7622,64.8039,74.3763,..
Individuals using the Internet (% of population),IT.NET.USER.ZS,Mozambique,MOZ,0,0.109593,4.3,6,7.29394,9.23631,16.9335,17.5212,10,10,10,..
Individuals using the Internet (% of population),IT.NET.USER.ZS,Myanmar,MMR,0,0.000151709,0.98,4,8,11.52,21.7258,25.0733,30.6782,30.6782,30.6782,..
Individuals using the Internet (% of population),IT.NET.USER.ZS,Namibia,NAM,0,1.64474,12,12.9414,13.9,14.84,25.6879,31.0333,51,51,51,..
Individuals using the Internet (% of population),IT.NET.USER.ZS,Nauru,NRU,0,..,54,54,54,54,54,54,57,57,57,..
Individuals using the Internet (% of population),IT.NET.USER.ZS,Nepal,NPL,0,0.204652,9,11.1493,13.3,15.44,17.5816,19.6888,34,34,34,..
Individuals using the Internet (% of population),IT.NET.USER.ZS,Netherlands,NLD,0.334387,43.9844,91.42,92.86,93.9564,91.6667,91.7241,90.411,93.1973,94.7121,93.2886,..
Individuals using the Internet (% of population),IT.NET.USER.ZS,New Caledonia,NCL,0,13.9395,50,58,66,70,74.0018,74.0018,82.0058,82.0058,82.0058,..
Individuals using the Internet (% of population),IT.NET.USER.ZS,New Zealand,NZL,0,47.3796,81.23,81.6445,82.78,85.5,88.2229,88.4702,90.8111,90.8111,90.8111,..
Individuals using the Internet (% of population),IT.NET.USER.ZS,Nicaragua,NIC,0,0.980216,10.6,13.5,15.5,17.6,19.7043,24.5718,27.863,27.863,27.863,..
Individuals using the Internet (% of population),IT.NET.USER.ZS,Niger,NER,0,0.0362613,0.9,1.05,1.15,1.24868,2.47622,4.32276,10.2243,5.25049,5.25049,..
Individuals using the Internet (% of population),IT.NET.USER.ZS,Nigeria,NGA,0,0.0640808,13.8,16.1,19.1,21,36,25.67,42,42,42,..
Individuals using the Internet (% of population),IT.NET.USER.ZS,North Macedonia,MKD,0,2.48557,56.7,57.4499,65.24,68.06,70.3802,72.1568,74.5168,79.1678,79.1678,..
Individuals using the Internet (% of population),IT.NET.USER.ZS,Northern Mariana Islands,MNP,0,..,..,..,..,..,..,..,..,..,..,..
Individuals using the Internet (% of population),IT.NET.USER.ZS,Norway,NOR,0.707299,52,93.49,94.65,95.0534,96.3,96.8103,97.2982,96.3576,96.4917,98,..
Individuals using the Internet (% of population),IT.NET.USER.ZS,Oman,OMN,0,3.52042,48,60,66.45,70.22,73.53,76.8454,80.1856,80.1856,92.4084,..
Individuals using the Internet (% of population),IT.NET.USER.ZS,Pakistan,PAK,0,0.0553572,9,9.96,10.9,12,14,12.3854,15.51,15.51,17.0709,..
Individuals using the Internet (% of population),IT.NET.USER.ZS,Palau,PLW,0,..,..,..,..,..,..,..,..,..,..,..
Individuals using the Internet (% of population),IT.NET.USER.ZS,Panama,PAN,0,6.5548,42.7,40.3019,44.03,44.92,51.2054,54,57.8651,57.8651,63.6284,..
Individuals using the Internet (% of population),IT.NET.USER.ZS,Papua New Guinea,PNG,0,0.835249,2,3.5,5.1,6.5,7.9,9.60154,11.2092,11.2092,11.2092,..
Individuals using the Internet (% of population),IT.NET.USER.ZS,Paraguay,PRY,0,0.747631,24.7635,29.34,36.9,43,49.72,53.4041,61.0758,64.9935,68.5176,..
Individuals using the Internet (% of population),IT.NET.USER.ZS,Peru,PER,0,3.07643,36.01,38.2,39.2,40.2,40.8526,45.4617,48.7276,52.5403,59.9505,..
Individuals using the Internet (% of population),IT.NET.USER.ZS,Philippines,PHL,0,1.98225,29,36.2351,48.099,49.6,36,55.5,60.0548,60.0548,43.0266,..
Individuals using the Internet (% of population),IT.NET.USER.ZS,Poland,POL,0,7.28543,61.95,62.31,62.8492,66.6,67.997,73.3007,75.9854,77.5417,84.5165,..
Individuals using the Internet (% of population),IT.NET.USER.ZS,Portugal,PRT,0,16.4305,55.25,60.34,62.0956,64.59,68.6329,70.4236,73.7912,74.661,75.3464,..
Individuals using the Internet (% of population),IT.NET.USER.ZS,Puerto Rico,PRI,0,10.4746,48,69,69,69,63.47,68.6438,70.5979,70.5979,70.8743,..
Individuals using the Internet (% of population),IT.NET.USER.ZS,Qatar,QAT,0,4.86368,69,69.3,85.3,91.49,92.8848,95.1247,97.3888,99.6528,99.6528,..
Individuals using the Internet (% of population),IT.NET.USER.ZS,Romania,ROU,0,3.61372,40.01,45.88,49.7645,54.08,55.7632,59.504,63.7473,70.6813,73.6575,..
Individuals using the Internet (% of population),IT.NET.USER.ZS,Russian Federation,RUS,0,1.97723,49,63.8,67.97,70.52,70.1,73.0914,76.0081,80.8647,82.6422,..
Individuals using the Internet (% of population),IT.NET.USER.ZS,Rwanda,RWA,0,0.0628315,7,8.02385,9,10.6,18,20,21.7676,21.7676,21.7676,..
Individuals using the Internet (% of population),IT.NET.USER.ZS,Samoa,WSM,0,0.566393,11,12.9225,15.3,21.2,25.407,29.4117,33.6109,33.6109,33.6109,..
Individuals using the Internet (% of population),IT.NET.USER.ZS,San Marino,SMR,0,48.7995,49.6,49.6,49.6,49.6,49.6,49.6,60.1823,60.1823,60.1823,..
Individuals using the Internet (% of population),IT.NET.USER.ZS,Sao Tome and Principe,STP,0,4.63852,20.1612,21.5724,23,24.41,25.82,28,29.9312,29.9312,29.9312,..
Individuals using the Internet (% of population),IT.NET.USER.ZS,Saudi Arabia,SAU,0,2.21069,47.5,54,60.5,64.7137,69.6162,74.8793,82.12,93.31,95.7247,..
Individuals using the Internet (% of population),IT.NET.USER.ZS,Senegal,SEN,0,0.403967,9.8,10.8,13.1,17.7,27,25.6648,46,46,46,..
Individuals using the Internet (% of population),IT.NET.USER.ZS,Serbia,SRB,..,..,42.2,48.1,53.4504,62.0751,65.317,67.0568,70.3308,73.3607,77.4168,..
Individuals using the Internet (% of population),IT.NET.USER.ZS,Seychelles,SYC,0,7.39563,43.164,47.076,50.4,51.2547,54.2596,56.5147,58.7698,58.7698,58.7698,..
Individuals using the Internet (% of population),IT.NET.USER.ZS,Sierra Leone,SLE,0,0.118254,0.9,2.5,4,6.0573,6.34442,11.7732,9,9,9,..
Individuals using the Internet (% of population),IT.NET.USER.ZS,Singapore,SGP,0,36,71,72,80.9021,79.0292,79.013,84.4523,84.4495,88.1656,88.9493,..
Individuals using the Internet (% of population),IT.NET.USER.ZS,Sint Maarten (Dutch part),SXM,..,..,..,..,..,..,..,..,..,..,..,..
Individuals using the Internet (% of population),IT.NET.USER.ZS,Slovak Republic,SVK,0,9.4268,74.44,76.71,77.8826,79.98,77.6347,80.4759,81.6257,80.6603,82.8537,..
Individuals using the Internet (% of population),IT.NET.USER.ZS,Slovenia,SVN,0,15.1103,67.34,68.35,72.6756,71.59,73.0987,75.4985,78.8854,79.75,83.1084,..
Individuals using the Internet (% of population),IT.NET.USER.ZS,Solomon Islands,SLB,0,0.481297,6,6.9974,8,9,10.0005,11.0009,11.9242,11.9242,11.9242,..
Individuals using the Internet (% of population),IT.NET.USER.ZS,Somalia,SOM,0,0.02,1.25,1.3767,1.5,1.63,1.76,1.88,2.00405,2.00405,2.00405,..
Individuals using the Internet (% of population),IT.NET.USER.ZS,South Africa,ZAF,0,5.34856,33.97,41,46.5,49,51.9191,54,56.1674,56.1674,56.1674,..
Individuals using the Internet (% of population),IT.NET.USER.ZS,South Sudan,SSD,..,..,..,..,3.82997,4.51615,5.5,6.67973,7.97743,7.97743,7.97743,..
Individuals using the Internet (% of population),IT.NET.USER.ZS,Spain,ESP,0.0128736,13.625,67.09,69.81,71.635,76.19,78.6896,80.5613,84.6022,86.1072,90.7187,..
Individuals using the Internet (% of population),IT.NET.USER.ZS,Sri Lanka,LKA,0,0.64741,15,18.2854,21.9,25.8,12.1,16.4,34.1133,34.1133,34.1133,..
Individuals using the Internet (% of population),IT.NET.USER.ZS,St. Kitts and Nevis,KNA,0,5.86281,63.2,64,64.6,68,75.7,76.8177,80.7102,80.7102,80.7102,..
Individuals using the Internet (% of population),IT.NET.USER.ZS,St. Lucia,LCA,0,5.09048,34,34.82,36,39.7,42.5309,46.7291,50.8152,50.8152,50.8152,..
Individuals using the Internet (% of population),IT.NET.USER.ZS,St. Martin (French part),MAF,..,..,..,..,..,..,..,..,..,..,..,..
Individuals using the Internet (% of population),IT.NET.USER.ZS,St. Vincent and the Grenadines,VCT,0,3.24504,36.7,40,43.5,47.4,17.1321,20.6894,22.0043,22.3943,22.3943,..
Individuals using the Internet (% of population),IT.NET.USER.ZS,Sudan,SDN,0,0.025785,17.46,21,22.7,24.64,26.61,14.1,30.8703,30.8703,30.8703,..
Individuals using the Internet (% of population),IT.NET.USER.ZS,Suriname,SUR,0,2.50641,32,34.6812,37.4,40.08,42.7638,45.4,48.9452,48.9452,48.9452,..
Individuals using the Internet (% of population),IT.NET.USER.ZS,Sweden,SWE,0.584192,45.6877,92.77,93.18,94.7836,92.52,90.6102,89.6509,95.5101,92.1417,94.4934,..
Individuals using the Internet (% of population),IT.NET.USER.ZS,Switzerland,CHE,0.595714,47.1,85.193,85.2,86.34,87.4,87.4791,89.1347,89.6861,89.6861,93.1461,..
Individuals using the Internet (% of population),IT.NET.USER.ZS,Syrian Arab Republic,SYR,0,0.181699,22.5,24.3001,26.2,28.09,29.9798,31.8696,34.2534,34.2534,34.2534,..
Individuals using the Internet (% of population),IT.NET.USER.ZS,Tajikistan,TJK,0,0.0485996,13.03,14.51,16,17.49,18.98,20.47,21.96,21.96,21.96,..
Individuals using the Internet (% of population),IT.NET.USER.ZS,Tanzania,TZA,0,0.117194,3.2,3.95,4.4,7,20,13,25,25,25,..
Individuals using the Internet (% of population),IT.NET.USER.ZS,Thailand,THA,0,3.68904,23.6699,26.46,28.94,34.89,39.3161,47.505,52.8919,56.8175,66.6524,..
Individuals using the Internet (% of population),IT.NET.USER.ZS,Timor-Leste,TLS,0,..,4,7,11,17.5,23,25.2462,27.4927,27.4927,27.4927,..
Individuals using the Internet (% of population),IT.NET.USER.ZS,Togo,TGO,0,0.8,3.5,4,4.5,5.7,7.12,11.31,12.3602,12.3602,12.3602,..
Individuals using the Internet (% of population),IT.NET.USER.ZS,Tonga,TON,0,2.4344,25,30,32.754,35.9544,38.6513,39.95,41.2487,41.2487,41.2487,..
Individuals using the Internet (% of population),IT.NET.USER.ZS,Trinidad and Tobago,TTO,0,7.72141,55.2,59.5162,63.8,65.1,69.1985,73.2969,77.3261,77.3261,77.3261,..
Individuals using the Internet (% of population),IT.NET.USER.ZS,Tunisia,TUN,0,2.75074,39.1,41.4416,43.8,46.16,46.5,49.6,64.1908,64.1908,66.7,..
Individuals using the Internet (% of population),IT.NET.USER.ZS,Turkey,TUR,0,3.76169,43.0657,45.13,46.25,51.04,53.745,58.3477,64.6846,71.0428,73.9767,..
Individuals using the Internet (% of population),IT.NET.USER.ZS,Turkmenistan,TKM,0,0.133282,5,7.1958,9.6,12.2,14.9968,17.9903,21.251,21.251,21.251,..
Individuals using the Internet (% of population),IT.NET.USER.ZS,Turks and Caicos Islands,TCA,0,..,..,..,..,..,..,..,..,..,..,..
Individuals using the Internet (% of population),IT.NET.USER.ZS,Tuvalu,TUV,0,5.24164,30,35,37,39.2,42.7,46.0092,49.3183,49.3183,49.3183,..
Individuals using the Internet (% of population),IT.NET.USER.ZS,Uganda,UGA,0,0.163714,13.0135,14.1,15.5,16.9,17.8349,21.8762,23.7065,23.7065,23.7065,..
Individuals using the Internet (% of population),IT.NET.USER.ZS,Ukraine,UKR,0,0.716184,28.7083,35.27,40.9541,46.236,48.8846,53,58.8895,58.8895,58.8895,..
Individuals using the Internet (% of population),IT.NET.USER.ZS,United Arab Emirates,ARE,0,23.6253,78,85,88,90.4,90.5,90.6,94.8199,98.45,99.15,..
Individuals using the Internet (% of population),IT.NET.USER.ZS,United Kingdom,GBR,0.0873553,26.8218,85.38,87.48,89.8441,91.61,92.0003,94.7758,94.62,94.8967,92.5166,..
Individuals using the Internet (% of population),IT.NET.USER.ZS,United States,USA,0.784729,43.0792,69.7295,74.7,71.4,73,74.5542,85.5444,87.2661,87.2661,87.2661,..
Individuals using the Internet (% of population),IT.NET.USER.ZS,Uruguay,URY,0,10.5391,51.4047,54.4538,57.69,61.46,64.5708,66.4,68.2797,68.2797,76.9496,..
Individuals using the Internet (% of population),IT.NET.USER.ZS,Uzbekistan,UZB,0,0.484347,18.6,23.6,26.8,35.5,42.8,46.7913,52.3051,52.3051,52.3051,..
Individuals using the Internet (% of population),IT.NET.USER.ZS,Vanuatu,VUT,0,2.10834,9.2,10.598,11.3,18.8,22.3514,24,25.7198,25.7198,25.7198,..
Individuals using the Internet (% of population),IT.NET.USER.ZS,"Venezuela, RB",VEN,0,3.3596,40.22,49.0501,54.9,57,64,60,72,72,72,..
Individuals using the Internet (% of population),IT.NET.USER.ZS,Vietnam,VNM,0,0.254248,35.07,36.8,38.5,41,45,53,58.14,70.3496,68.7,..
Individuals using the Internet (% of population),IT.NET.USER.ZS,Virgin Islands (U.S.),VIR,0,13.8151,35.6,40.5479,45.3,50.07,54.8391,59.6083,64.3775,64.3775,64.3775,..
Individuals using the Internet (% of population),IT.NET.USER.ZS,West Bank and Gaza,PSE,0,1.11131,41.08,43.4,46.6,53.67,57.4242,61.1784,65.2,64.4,70.6226,..
Individuals using the Internet (% of population),IT.NET.USER.ZS,"Yemen, Rep.",YEM,0,0.0825004,14.905,17.4465,20,22.55,24.0854,24.5792,26.7184,26.7184,26.7184,..
Individuals using the Internet (% of population),IT.NET.USER.ZS,Zambia,ZMB,0,0.191072,11.5,13.4682,15.4,19,21,25.5066,27.8526,14.3,14.3,..
Individuals using the Internet (% of population),IT.NET.USER.ZS,Zimbabwe,ZWE,0,0.401434,8.4,12,15.5,16.3647,22.7428,23.12,27.0555,27.0555,27.0555,..
Individuals using the Internet (% of population),IT.NET.USER.ZS,Arab World,ARB,0,1.16588720657525,26.7538765317274,30.0932481141804,33.1127974376489,36.6238514405909,43.6963356565121,41.4874803442673,49.2601323271529,52.1280852324219,55.7983719285006,..
Individuals using the Internet (% of population),IT.NET.USER.ZS,Caribbean small states,CSS,0,4.91930641717606,42.1412484840484,42.4939915051293,45.2698401409788,48.3336777791331,50.2954628333812,52.9532186936825,59.1763695734429,59.1730233037335,59.162678822263,..
Individuals using the Internet (% of population),IT.NET.USER.ZS,Central Europe and the Baltics,CEB,0,7.05382364904476,59.1103520544265,61.7163451056527,63.463990446104,66.4833913113019,67.3494651243399,71.3419860635486,73.4095852316309,75.8877997192072,80.2319832378611,..
Individuals using the Internet (% of population),IT.NET.USER.ZS,Early-demographic dividend,EAR,0.000242858603089514,1.13662445247467,15.4256702566185,18.0679671593826,20.9099351899368,25.4490758484298,25.7726563027538,30.16674885304,38.0290593571673,39.5251067969932,40.2932603078742,..
Individuals using the Internet (% of population),IT.NET.USER.ZS,East Asia & Pacific,EAS,0.00721087851747455,5.48295282945682,37.4023217637077,40.7438027031552,44.1230768959998,46.3289968260042,48.4666981792941,52.6132531845111,54.4770687917162,56.6117020842631,56.377466102044,..
Individuals using the Internet (% of population),IT.NET.USER.ZS,East Asia & Pacific (excluding high income),EAP,0,1.84586751395586,32.4043499409168,36.0823943360186,39.2318695999501,41.5498464626491,43.7525554057094,48.1383192367882,50.5498886487789,52.8779133451351,52.7070608643978,..
Individuals using the Internet (% of population),IT.NET.USER.ZS,East Asia & Pacific (IDA & IBRD countries),TEA,0,1.86911621485889,32.8066990465628,36.5292359199153,39.7164903079905,42.0618626987052,44.2904688863417,48.7288417554908,51.1687406598685,52.8779343796723,53.350032756497,..
Individuals using the Internet (% of population),IT.NET.USER.ZS,Euro area,EMU,0.0725336197254252,22.4660207469771,72.0135155240751,74.1189289547935,75.8504085743527,77.0892445242706,77.4724375490298,77.9894252620764,79.6609139098033,83.7836355424435,84.4859073694646,..
Individuals using the Internet (% of population),IT.NET.USER.ZS,Europe & Central Asia,ECS,0.048057815884866,13.1562593108448,58.7933456513494,63.5899705464346,66.3117039817178,68.9883948857539,70.0293061076638,72.4317792815082,75.0166466673325,78.2820840026015,79.5597418808531,..
Individuals using the Internet (% of population),IT.NET.USER.ZS,Europe & Central Asia (excluding high income),ECA,0,1.86985221077614,40.5739322401627,48.9820329194159,52.9466087619409,57.0455141567597,58.9333796637224,62.6544234632548,66.714851405505,70.1307924877066,71.7469194444221,..
Individuals using the Internet (% of population),IT.NET.USER.ZS,Europe & Central Asia (IDA & IBRD countries),TEC,0,2.50101249051518,42.5553116678818,50.1062173588993,53.7765032094033,57.8327013062539,59.6578816366659,63.4999761613943,67.3581711620636,70.7894703742973,72.9422407382607,..
Individuals using the Internet (% of population),IT.NET.USER.ZS,European Union,EUU,0.0667223424243876,19.6471680627752,69.661780787477,71.8574538584595,73.610369251994,75.1855103119839,75.6545888175931,76.9131937992058,78.7556042762782,82.3942825541395,83.931649548396,..
Individuals using the Internet (% of population),IT.NET.USER.ZS,Fragile and conflict affected situations,FCS,0,0.338227099396321,10.0087478648576,12.1048906259248,14.1928341407808,16.0930226159663,24.467745347652,20.0784224792713,28.0385469991262,27.9356145697398,27.8707534532296,..
Individuals using the Internet (% of population),IT.NET.USER.ZS,Heavily indebted poor countries (HIPC),HPC,0,0.174022836923733,5.33831424691237,6.60832654564929,8.07053558962715,10.4015241331511,14.6433584973524,15.3506956207727,19.3528441769178,19.2745426178528,18.9182554217751,..
Individuals using the Internet (% of population),IT.NET.USER.ZS,High income,HIC,0.254098633109246,29.9097447652841,72.1023314622589,74.8452152744235,76.2596498691714,77.9375836417827,79.3717289179264,83.7301661930563,84.6432951141776,86.375705259648,86.9820818114521,..
Individuals using the Internet (% of population),IT.NET.USER.ZS,IBRD only,IBD,0,1.86565309002474,28.3164038114531,32.0765546248572,35.1776767221815,38.8762367242959,40.0373512180104,43.9241615414463,50.1712493066127,51.5726509808818,52.4701912761789,..
Individuals using the Internet (% of population),IT.NET.USER.ZS,IDA & IBRD total,IBT,0,1.50428560105682,23.4048389065269,26.5767779013004,29.2759936542461,32.7205395944763,34.6927751469241,37.5218047861205,43.324942867115,44.2982446681822,44.8831343533668,..
Individuals using the Internet (% of population),IT.NET.USER.ZS,IDA blend,IDB,0,0.154979770384066,10.9857375768544,12.8934721632951,14.9969714542041,17.3119431085359,24.2626178065621,20.4051735633482,28.0255615893853,28.0411957026181,29.1027053332064,..
Individuals using the Internet (% of population),IT.NET.USER.ZS,IDA only,IDX,0,0.131433518597114,5.60129935302235,6.85464583030319,8.47810856518779,11.6631797791871,15.2322270100584,16.9356707676886,20.2468566727687,20.1836527204579,19.6096643983799,..
Individuals using the Internet (% of population),IT.NET.USER.ZS,IDA total,IDA,0,0.13945546451759,7.41661840305488,8.89288760147937,10.6651387712118,13.5601001844541,18.2669507516369,18.102201069245,22.859968642506,22.8264009698591,22.8018090853807,..
Individuals using the Internet (% of population),IT.NET.USER.ZS,Late-demographic dividend,LTE,0,2.4694144871159,40.0505412130314,44.7107659789846,47.8380836668157,50.3828438929391,52.7886903100827,56.1296560256753,58.5918607182583,60.401668589215,60.6277449171911,..
Individuals using the Internet (% of population),IT.NET.USER.ZS,Latin America & Caribbean,LCN,0,3.88446109186968,39.3384901293022,43.1628934209473,46.2369245241691,48.7207894482501,54.6153550784205,57.3545910551675,63.2182195662241,64.2941091798199,65.9688034923114,..
Individuals using the Internet (% of population),IT.NET.USER.ZS,Latin America & Caribbean (excluding high income),LAC,0,3.36120803310167,38.7184235838487,42.5123437816804,45.6077216245321,48.0944203093504,53.7904524301249,56.3874493965093,62.5334228681382,63.6659603953058,65.3393259485993,..
Individuals using the Internet (% of population),IT.NET.USER.ZS,Latin America & the Caribbean (IDA & IBRD countries),TLA,0,3.90354376532493,39.6999630330599,43.3896546803549,46.4145802820325,48.9358787904316,54.8571535450995,57.5246521458102,63.2598806409237,64.3633024381104,65.9936098503332,..
Individuals using the Internet (% of population),IT.NET.USER.ZS,Least developed countries: UN classification,LDC,0,0.0923732913782033,4.74852862001218,6.01321923481508,7.48580317001998,10.7120018714582,13.700162207842,15.0609343730295,18.2497046709887,18.2337149212709,17.8802219944307,..
Individuals using the Internet (% of population),IT.NET.USER.ZS,Low & middle income,LMY,0,1.37765744450652,22.8442661188948,26.0260626043058,28.7352507373347,32.1690477230134,34.1132350263077,36.9130378151597,42.7686417257022,43.8945804941952,44.2641188700442,..
Individuals using the Internet (% of population),IT.NET.USER.ZS,Low income,LIC,0,0.0808501269161696,5.44061034780361,6.56470621770635,7.63508163781877,9.09612689927871,11.7279235425363,12.3485213840936,15.1437408374875,15.9342808339863,15.3021885161029,..
Individuals using the Internet (% of population),IT.NET.USER.ZS,Lower middle income,LMC,0,0.475881150144058,12.7013325321313,15.1979482601084,18.0112614467311,22.7447480540937,22.6227640213268,26.1131415816816,34.9364807161837,35.5916206568975,35.4054424089446,..
Individuals using the Internet (% of population),IT.NET.USER.ZS,Middle East & North Africa,MEA,0.00193898030096925,1.70756821030919,28.0057784952416,31.5227463440406,35.5087285435259,40.4000213838846,47.9201129444844,48.4947003515637,56.2157722844976,60.0148807268594,63.5864421874396,..
Individuals using the Internet (% of population),IT.NET.USER.ZS,Middle East & North Africa (excluding high income),MNA,0,0.861165528878416,23.1344735872721,26.1786303290189,29.92718801056,34.9445399805188,43.2279325819055,43.218219564844,51.1623139941829,54.5094818627972,58.1932283453452,..
Individuals using the Internet (% of population),IT.NET.USER.ZS,Middle East & North Africa (IDA & IBRD countries),TMN,0,0.857976147967931,22.9121357284427,25.9644316467569,29.7190970854109,34.7099189743623,43.0491828568542,42.9906955057244,50.9832383394813,54.3823699257163,58.0323123848558,..
Individuals using the Internet (% of population),IT.NET.USER.ZS,Middle income,MIC,0,1.48492037164908,24.5999667899885,28.0161449788569,30.9622074862915,34.6383849803858,36.5421487511488,39.6166423526729,45.8527501514054,46.9399659878504,47.598480679937,..
Individuals using the Internet (% of population),IT.NET.USER.ZS,North America,NAC,0.742836089621538,43.8841977852617,71.0569937499517,75.5335297665607,72.8493027183661,74.4252310539038,76.1172916300886,86.1149779757238,87.6470387017947,87.6480789000626,87.6490970937749,..
Individuals using the Internet (% of population),IT.NET.USER.ZS,Not classified,INX,..,..,..,..,..,..,..,..,..,..,..,..
Individuals using the Internet (% of population),IT.NET.USER.ZS,OECD members,OED,0.236651056713957,27.0327408980089,67.6444099422844,70.2682917202762,71.6288107402702,73.2154413925111,75.756107474018,79.8964685241914,81.006609893867,82.6607025289219,83.6962007900189,..
Individuals using the Internet (% of population),IT.NET.USER.ZS,Other small states,OSS,0,5.39599107246084,28.12440963222,31.4666141892637,36.3583586040019,40.1576357786085,43.6569715339217,46.2999064482222,52.8635224070678,53.5035833024069,53.8846377636518,..
Individuals using the Internet (% of population),IT.NET.USER.ZS,Pacific island small states,PSS,0,1.45822923290205,17.5998979346836,20.7648965065979,22.0059240795738,24.6448803108139,27.7554883762466,30.3411928006608,32.7039646964416,32.5786804327848,32.4587027486162,..
Individuals using the Internet (% of population),IT.NET.USER.ZS,Post-demographic dividend,PST,0.270412200339253,30.5592950175249,71.452724206072,74.2481626215599,75.7460824412044,77.4032058920769,78.7028406987194,83.1870475390506,83.8054188242322,85.2296809517759,85.5538802616663,..
Individuals using the Internet (% of population),IT.NET.USER.ZS,Pre-demographic dividend,PRE,0,0.123238216973156,7.09793122169901,8.58560479199942,10.3258242972897,12.7661815720191,20.2604611498472,16.5090315269935,24.0610552424299,23.7487822297653,23.7109613205188,..
Individuals using the Internet (% of population),IT.NET.USER.ZS,Small states,SST,0,5.0081511590759,30.2291149874703,32.951733521878,37.1922232974302,40.7670670968349,43.9398044223969,46.572126747843,52.8067264889134,53.2725732027797,53.5431852521873,..
Individuals using the Internet (% of population),IT.NET.USER.ZS,South Asia,SAS,0,0.43223592594445,9.41001702905328,11.531158119469,13.7606188573742,19.0593018778098,16.2234727555069,20.2398446415586,30.0991834879203,30.077485121253,30.0535982348889,..
Individuals using the Internet (% of population),IT.NET.USER.ZS,South Asia (IDA & IBRD),TSA,0,0.43223592594445,9.41001702905328,11.531158119469,13.7606188573742,19.0593018778098,16.2234727555069,20.2398446415586,30.0991834879203,30.077485121253,30.0535982348889,..
Individuals using the Internet (% of population),IT.NET.USER.ZS,Sub-Saharan Africa,SSF,0,0.500951442131976,8.39925442728341,10.2865682659582,12.3642174552755,15.0567479121023,20.7459262859996,19.3412207925083,25.4153365709872,25.1283979069661,25.0771761778621,..
Individuals using the Internet (% of population),IT.NET.USER.ZS,Sub-Saharan Africa (excluding high income),SSA,0,0.488009196724245,8.3579658280835,10.2480462576827,12.3234457002568,15.0145692121935,20.7054850594192,19.2971437561972,25.3761150774795,25.0859855128113,25.0294986457167,..
Individuals using the Internet (% of population),IT.NET.USER.ZS,Sub-Saharan Africa (IDA & IBRD countries),TSS,0,0.500951442131976,8.39925442728341,10.2865682659582,12.3642174552755,15.0567479121023,20.7459262859996,19.3412207925083,25.4153365709872,25.1283979069661,25.0771761778621,..
Individuals using the Internet (% of population),IT.NET.USER.ZS,Upper middle income,UMC,0,2.37304234364517,35.9353255747247,40.3110490617892,43.466766388273,46.187279576471,50.151916648119,52.910735192253,56.6681975433827,58.2714237348612,59.8627757380465,..
Individuals using the Internet (% of population),IT.NET.USER.ZS,World,WLD,0.0492353738271775,6.52593726286078,31.1482118749972,34.2076179571905,36.6393625804118,39.7354802912976,41.5468477812233,44.553849801776,49.5565499521096,50.7588424548751,51.0967158754631,..
,,,,,,,,,,,,,,,
,,,,,,,,,,,,,,,
,,,,,,,,,,,,,,,
Data from database: World Development Indicators,,,,,,,,,,,,,,,
Last Updated: 02/17/2021,,,,,,,,,,,,,,,
